Job ID,Job URL,Job Title,Company Name,Status,Timestamp,WP ID
a0227b47bbd62f5d,https://mx.linkedin.com/jobs/view/quality-engineer-at-littelfuse-4321229225,Quality Engineer,Littelfuse,posted,2026-07-07T02:11:38.446881,18
62d913073a14daa6,https://mx.linkedin.com/jobs/view/maintenence-techincian-at-littelfuse-4321189504,Maintenence Techincian,Littelfuse,posted,2026-07-07T02:11:50.455333,20
304e2c1d352ea202,https://mx.linkedin.com/jobs/view/palau-cbit-greenhouse-gas-inventory-consultant-at-global-green-growth-institute-4436484145,Palau CBIT Greenhouse Gas Inventory Consultant,,scraped,2026-07-07T02:11:52.941994,
e4afbde31be1bcc2,https://mx.linkedin.com/jobs/view/operator-f-at-essity-4423146281,Operator F,,scraped,2026-07-07T12:17:38.780353,
ec629487b348b2e9,https://mx.linkedin.com/jobs/view/ejecutiva-de-ventas-oficina-con-experiencia-at-cactus-traffic-4436157550,Ejecutiva De Ventas Oficina Con Experiencia,,scraped,2026-07-07T12:17:52.751727,
152348bdefbad358,https://mx.linkedin.com/jobs/view/co-op-interns-dvs-at-valeo-4417005364,CO-OP/INTERNS- DVS,,scraped,2026-07-07T12:18:01.234215,
55a6de32adf95dc5,https://mx.linkedin.com/jobs/view/co-op-interns-dvs-development-support-new-position-at-valeo-4429162058,CO-OP/INTERNS- DVS (DEVELOPMENT & SUPPORT) NEW POSITION,,scraped,2026-07-07T20:32:38.062530,
95e411c23596c2b4,https://mx.linkedin.com/jobs/view/p1-test-engineer-at-valeo-4438523409,P1 Test Engineer,,scraped,2026-07-08T23:44:24.176290,
a33c8e97fa92e6c2,https://mx.linkedin.com/jobs/view/asesor-tienda-at-oxxo-4438543853,ASESOR TIENDA,OXXO,posted,2026-07-09T11:25:59.505198,32
83b3386d4102cc49,https://mx.linkedin.com/jobs/view/supervisor-at-autozone-4437954111,SUPERVISOR,AutoZone,posted,2026-07-10T18:09:08.662661,34
cea5ecddd6898ffa,https://mx.linkedin.com/jobs/view/analista-capacitaci%C3%B3n-at-oxxo-4439394609,Analista Capacitación,OXXO,posted,2026-07-11T11:33:36.705595,36
055d8c7baffdc46e,https://mx.linkedin.com/jobs/view/jr-counsellor-at-seed-global-education-4442743123,Jr. Counsellor,,scraped,2026-07-21T08:00:33.362119,
836c012c229c4195,https://mx.linkedin.com/jobs/view/operations-coordinator-at-conservation-international-4439880295,Operations Coordinator,Conservation International,posted,2026-07-21T08:00:52.839866,38
842c847d66d8b99a,https://mx.linkedin.com/jobs/view/docente-uane-sabinas-at-lottus-education-4437679503,Docente UANE Sabinas,,scraped,2026-07-21T08:00:55.376146,
f7389441cdbfc169,https://mx.linkedin.com/jobs/view/planner-at-littelfuse-4411530269,Planner,Littelfuse,posted,2026-07-21T08:01:08.880494,40
7830b8b2b150c1ff,https://mx.linkedin.com/jobs/view/cuoco-capo-partita-at-delphina-hotels-resorts-4440570818,Cuoco Capo Partita,Delphina hotels & resorts,posted,2026-07-21T08:01:22.885860,42
132c4d36f5fcb35e,https://mx.linkedin.com/jobs/view/packing-engineer-at-littelfuse-4411530258,Packing Engineer,Littelfuse,posted,2026-07-21T08:01:31.944697,44
14cde67d5715c90e,https://mx.linkedin.com/jobs/view/maintenance-tec-at-littelfuse-4411513685,Maintenance Tec,Littelfuse,posted,2026-07-21T08:01:41.198071,46
4b665c2c6c0242c5,https://mx.linkedin.com/jobs/view/maintenance-tec-at-littelfuse-4411515662,Maintenance Tec,Littelfuse,scraped,2026-07-21T08:01:45.171734,
e9f02d861db151c7,https://mx.linkedin.com/jobs/view/operador-a-at-essity-4411502253,Operador A,,scraped,2026-07-21T08:01:47.809946,
09e56d76a77479fc,https://mx.linkedin.com/jobs/view/production-operators-at-valeo-4441453400,Production Operators,,scraped,2026-07-21T08:01:55.934442,
f7bd6d6f80f2512c,https://mx.linkedin.com/jobs/view/production-operator-at-valeo-4442749410,Production Operator,,scraped,2026-07-21T08:02:03.536098,
14e52ebed10142f3,https://mx.linkedin.com/jobs/view/repartidor-profesional-at-autozone-4444649451,REPARTIDOR PROFESIONAL,AutoZone,posted,2026-07-28T09:44:01.933844,48
d4791881d35db739,https://mx.linkedin.com/jobs/view/repartidor-profesional-at-autozone-4443481364,REPARTIDOR PROFESIONAL,AutoZone,posted,2026-07-28T09:44:06.820540,48
bd9da69983e958f8,https://mx.linkedin.com/jobs/view/supply-chain-scheduler-at-valeo-4434786603,Supply Chain Scheduler,,scraped,2026-07-28T09:44:09.796879,
7aa9ad123478e46e,https://mx.linkedin.com/jobs/view/integrated-management-system-ims-coordinator-at-one-mobility-group-4442954005,Integrated Management System (Ims) Coordinator,,scraped,2026-07-28T09:44:16.639826,
c291e02521256b9c,https://mx.linkedin.com/jobs/view/maintenance-manager-at-one-mobility-group-4446184435,Maintenance Manager,,scraped,2026-07-28T09:44:23.615062,
d420865346ea1f58,https://mx.linkedin.com/jobs/view/mex-banquero-select-at-santander-4444271597,MEX Banquero Select,,scraped,2026-07-28T09:44:30.646094,
884ad38a8235623d,https://mx.linkedin.com/jobs/view/senior-engineer-manufacturing-integration-engineering-at-vishay-intertechnology-inc-4442934684,Senior Engineer Manufacturing Integration Engineering,"Vishay Intertechnology, Inc.",posted,2026-07-28T09:44:44.815415,50
6dfb2beac045aaf2,https://mx.linkedin.com/jobs/view/operator-h-at-essity-4444185387,Operator H,,scraped,2026-08-04T09:50:45.214398,
2d8e489903476e3e,https://mx.linkedin.com/jobs/view/analista-wms-at-essity-4444140628,Analista WMS,,scraped,2026-08-04T09:50:53.742590,
7fec570677172af2,https://mx.linkedin.com/jobs/view/manutentore-at-delphina-hotels-resorts-4447823363,Manutentore,Delphina hotels & resorts,posted,2026-08-04T09:51:15.442288,52
f637f6e88309b374,https://mx.linkedin.com/jobs/view/mex-cajero-sucursal-maternidad-at-santander-4443640408,MEX Cajero Sucursal (Maternidad),,scraped,2026-08-04T09:51:18.277857,
1aba8d33447e81df,https://mx.linkedin.com/jobs/view/t%C3%A9cnico-cnc-at-littelfuse-4445522838,Técnico CNC,Littelfuse,posted,2026-08-04T09:51:30.825395,54
8c5da31f4d716627,https://mx.linkedin.com/jobs/view/mex-cajero-sucursal-maternidad-at-santander-m%C3%A9xico-4446522162,MEX Cajero Sucursal (Maternidad),Santander México,posted,2026-08-04T09:52:18.111042,56
50a9cb96964e9a46,https://mx.linkedin.com/jobs/view/customer-service-representative-at-1840-company-4446818352,Customer Service Representative,1840 &amp; Company,posted,2026-08-04T09:52:27.593867,58
c45e575deba8af6f,https://mx.linkedin.com/jobs/view/ejecutivo-comercial-%E2%80%93-alimento-balanceado-para-ganado-y-mascotas-at-industrial-pecuaria-de-los-altos-4446426465,EJECUTIVO COMERCIAL – ALIMENTO BALANCEADO PARA GANADO Y MASCOTAS,,scraped,2026-08-04T09:52:30.219941,
ee6f23597a3adb00,https://mx.linkedin.com/jobs/view/asesor-de-ventas-at-macropay-4447452857,ASESOR DE VENTAS,,scraped,2026-08-04T09:52:44.496103,
dd1249861992b2be,https://mx.linkedin.com/jobs/view/gerente-de-materiales-at-piston-interiors-jaropamex-acu%C3%B1a-4443613713,Gerente de Materiales,,scraped,2026-08-04T09:52:52.652402,
